name,Buenos Aires,Paris,Melbourne,St Petersbourg,Abidjan,Montreal,Nairobi,Salvador
Buenos Aires,0.0,83.0,4.0,93.93,39.33,79.52000000000001,32.71,21.03
Paris,83.0,0.0,87.0,10.93,43.67,3.479999999999997,50.29,61.97
Melbourne,4.0,87.0,0.0,97.93,43.33,83.52000000000001,36.71,25.03
St Petersbourg,93.93,10.93,97.93,0.0,54.6,14.409999999999997,61.22,72.9
Abidjan,39.33,43.67,43.33,54.6,0.0,40.190000000000005,6.62,18.3
Montreal,79.52000000000001,3.479999999999997,83.52000000000001,14.409999999999997,40.190000000000005,0.0,46.81,58.49
Nairobi,32.71,50.29,36.71,61.22,6.62,46.81,0.0,11.68
Salvador,21.03,61.97,25.03,72.9,18.3,58.49,11.68,0.0
